,VOO,006208,00687B,00919,BTC,WBETH,BNB,BCH
2021-04-23,0,0,0,0,502,0,0,0
2021-04-24,0,0,0,0,492,0,0,0
2021-04-25,0,0,0,0,482,0,0,0
2021-04-26,0,0,0,0,1529,0,0,0
2021-04-27,0,0,0,0,1546,0,0,0
2021-04-28,0,0,0,0,1545,0,0,0
2021-04-29,0,0,0,0,1503,0,0,0
2021-04-30,0,0,0,0,1620,0,0,0
2021-05-01,0,0,0,0,1622,0,0,0
2021-05-02,0,0,0,0,1588,0,0,0
2021-05-03,0,0,0,0,1609,0,0,0
2021-05-04,0,0,0,0,1504,0,0,0
2021-05-05,0,0,0,0,1618,0,0,0
2021-05-06,0,0,0,0,1588,0,494,0
2021-05-07,0,0,0,0,1619,0,489,0
2021-05-08,0,0,0,0,1660,0,1011,0
2021-05-09,0,0,0,0,1644,0,1536,0
2021-05-10,0,0,0,0,2496,0,2400,0
2021-05-11,0,0,0,0,2532,0,2554,0
2021-05-12,0,0,0,0,2209,0,2250,0
2021-05-13,0,0,0,0,2243,0,2194,0
2021-05-14,0,0,0,0,2244,0,2308,0
2021-05-15,0,0,0,0,2103,0,2155,0
2021-05-16,0,0,0,0,2090,0,2154,0
2021-05-17,0,0,0,0,1960,0,1961,0
2021-05-18,0,0,0,0,2408,0,1953,0
2021-05-19,0,0,0,0,2070,0,1299,0
2021-05-20,0,0,0,0,2764,0,1504,0
2021-05-21,0,0,0,0,2534,0,1249,0
2021-05-22,0,0,0,0,2549,0,1147,0
2021-05-23,0,0,0,0,2362,0,1007,0
2021-05-24,0,0,0,0,2629,0,1322,0
2021-05-25,0,0,0,0,2614,0,1321,0
2021-05-26,0,0,0,0,2656,0,1448,0
2021-05-27,0,0,0,0,2584,0,1394,0
2021-05-28,0,0,0,0,2410,0,1256,0
2021-05-29,0,0,0,0,2337,0,1161,0
2021-05-30,0,0,0,0,2409,0,1240,0
2021-05-31,0,0,0,0,2506,0,1341,0
2021-06-01,0,0,0,0,2453,0,1368,0
2021-06-02,0,0,0,0,2518,0,1516,0
2021-06-03,0,0,0,0,2624,0,1614,0
2021-06-04,0,0,0,0,2477,0,1481,0
2021-06-05,0,0,0,0,2386,0,1478,0
2021-06-06,0,0,0,0,2407,0,1490,0
2021-06-07,0,0,0,0,2246,0,1348,0
2021-06-08,0,0,0,0,2247,0,1340,0
2021-06-09,0,0,0,0,2503,0,1420,0
2021-06-10,0,0,0,0,2478,0,1340,0
2021-06-11,0,0,0,0,2500,0,1306,0
2021-06-12,0,0,0,0,2381,0,1298,0
2021-06-13,0,0,0,0,2618,0,1384,0
2021-06-14,0,0,0,0,2701,0,1397,0
2021-06-15,0,0,0,0,2714,0,1414,0
2021-06-16,0,0,0,0,2568,0,1310,0
2021-06-17,0,0,0,0,2559,0,1338,0
2021-06-18,0,0,0,0,2408,0,1277,0
2021-06-19,0,0,0,0,2396,0,1273,0
2021-06-20,0,0,0,0,2402,0,1290,0
2021-06-21,0,0,0,0,2138,0,1031,0
2021-06-22,0,0,0,0,2208,0,1002,0
2021-06-23,0,0,0,0,2290,0,1128,0
2021-06-24,0,0,0,0,2361,0,1184,0
2021-06-25,0,0,0,0,2145,0,1077,0
2021-06-26,0,0,0,0,2183,0,1068,0
2021-06-27,0,0,0,0,2350,0,1111,0
2021-06-28,0,0,0,0,2332,0,1105,0
2021-06-29,0,0,0,0,2424,0,1144,0
2021-06-30,0,0,0,0,2374,0,1158,0
2021-07-01,0,0,0,0,2269,0,1098,0
2021-07-02,0,0,0,0,2296,0,1098,0
2021-07-03,0,0,0,0,2349,0,1139,0
2021-07-04,0,0,0,0,2391,0,1175,0
2021-07-05,0,0,0,0,2291,0,1157,0
2021-07-06,0,0,0,0,2327,0,1230,0
2021-07-07,0,0,0,0,2295,0,1252,0
2021-07-08,0,0,0,0,2228,0,1186,0
2021-07-09,0,0,0,0,2296,0,1212,0
2021-07-10,0,0,0,0,2277,0,1211,0
2021-07-11,0,0,0,0,2326,0,1234,0
2021-07-12,0,0,0,0,2252,0,1211,0
2021-07-13,0,0,0,0,2222,0,1183,0
2021-07-14,0,0,0,0,2235,0,1188,0
2021-07-15,0,0,0,0,2160,0,1208,0
2021-07-16,0,0,0,0,2129,0,1157,0
2021-07-17,0,0,0,0,2136,0,1148,0
2021-07-18,0,0,0,0,2154,0,1155,0
2021-07-19,0,0,0,0,2095,0,1073,0
2021-07-20,0,0,0,0,2034,0,1019,0
2021-07-21,0,0,0,0,2185,0,1122,0
2021-07-22,0,0,0,0,2196,0,1125,0
2021-07-23,0,0,0,0,2285,0,1148,0
2021-07-24,0,0,0,0,2333,0,1159,0
2021-07-25,0,0,0,0,2405,0,1160,0
2021-07-26,0,0,0,0,2542,0,1169,0
2021-07-27,0,0,0,0,2686,0,1205,0
2021-07-28,0,0,0,0,2724,0,1203,0
2021-07-29,0,0,0,0,2712,0,1211,0
2021-07-30,0,0,0,0,2858,0,1232,0
2021-07-31,0,0,0,0,2817,0,1272,0
2021-08-01,0,0,0,0,2705,0,1272,0
2021-08-02,0,0,0,0,2660,0,1267,0
2021-08-03,0,0,0,0,2589,0,1235,0
2021-08-04,0,0,0,0,2690,0,1278,0
2021-08-05,0,0,0,0,2752,0,1283,0
2021-08-06,0,0,0,0,2885,0,1300,0
2021-08-07,0,0,0,0,3002,0,1351,0
2021-08-08,0,0,0,0,2951,0,1299,0
2021-08-09,0,0,0,0,3135,0,1353,0
2021-08-10,0,0,0,0,3078,0,1416,0
2021-08-11,0,0,0,0,3083,0,1493,0
2021-08-12,0,0,0,0,3000,0,1469,0
2021-08-13,0,0,0,0,3228,0,1565,0
2021-08-14,0,0,0,0,3181,0,1558,0
2021-08-15,0,0,0,0,3178,0,1579,0
2021-08-16,0,0,0,0,3109,0,1590,0
2021-08-17,0,0,0,0,3018,0,1530,0
2021-08-18,0,0,0,0,3037,0,1522,0
2021-08-19,0,0,0,0,3161,0,1644,0
2021-08-20,0,0,0,0,3359,0,1746,0
2021-08-21,0,0,0,0,3330,0,1723,0
2021-08-22,0,0,0,0,3358,0,1724,0
2021-08-23,0,0,0,0,3368,0,1916,0
2021-08-24,0,0,0,0,3234,0,1803,0
2021-08-25,0,0,0,0,3319,0,1921,0
2021-08-26,0,0,0,0,3181,0,1830,0
2021-08-27,0,0,0,0,3328,0,1891,0
2021-08-28,0,0,0,0,3317,0,1859,0
2021-08-29,0,0,0,0,3312,0,1837,0
2021-08-30,0,0,0,0,3187,0,1755,0
2021-08-31,0,0,0,0,3178,0,1764,0
2021-09-01,0,0,0,0,3272,0,1851,0
2021-09-02,0,0,0,0,3317,0,1835,0
2021-09-03,0,0,0,0,3358,0,1849,0
2021-09-04,0,0,0,0,3353,0,1885,0
2021-09-05,0,0,0,0,3474,0,1910,0
2021-09-06,0,0,0,0,3531,0,1876,0
2021-09-07,0,0,0,0,3132,0,1575,0
2021-09-08,0,0,0,0,3090,0,1569,0
2021-09-09,0,0,0,0,3119,0,1597,0
2021-09-10,0,0,0,0,3014,0,1520,0
2021-09-11,0,0,0,0,3035,0,1535,0
2021-09-12,0,0,0,0,3093,0,1577,0
2021-09-13,0,0,0,0,3021,0,1512,0
2021-09-14,0,0,0,0,3163,0,1569,0
2021-09-15,0,0,0,0,3235,0,1633,0
2021-09-16,0,0,0,0,3206,0,1606,0
2021-09-17,0,0,0,0,3181,0,1543,0
2021-09-18,0,0,0,0,3249,0,1559,0
2021-09-19,0,0,0,0,3180,0,1550,0
2021-09-20,0,0,0,0,2892,0,1378,0
2021-09-21,0,0,0,0,2746,0,1311,0
2021-09-22,0,0,0,0,2935,0,1441,0
2021-09-23,0,0,0,0,3022,0,1457,0
2021-09-24,0,0,0,0,2882,0,1348,0
2021-09-25,0,0,0,0,2874,0,1327,0
2021-09-26,0,0,0,0,2907,0,1305,0
2021-09-27,0,0,0,0,2846,0,1277,0
2021-09-28,0,0,0,0,2758,0,1262,0
2021-09-29,0,0,0,0,2802,0,1398,0
2021-09-30,0,0,0,0,2960,0,1475,0
2021-10-01,0,0,0,0,3255,0,1608,0
2021-10-02,0,0,0,0,3227,0,1633,0
2021-10-03,0,0,0,0,3260,0,1642,0
2021-10-04,0,0,0,0,3312,0,1619,0
2021-10-05,0,0,0,0,3490,0,1691,0
2021-10-06,0,0,0,0,3749,0,1663,0
2021-10-07,0,0,0,0,3655,0,1680,0
2021-10-08,0,0,0,0,3668,0,1606,0
2021-10-09,0,0,0,0,3736,0,1615,0
2021-10-10,0,0,0,0,3722,0,1552,0
2021-10-11,0,0,0,0,3918,0,1589,0
2021-10-12,0,0,0,0,3819,0,1705,0
2021-10-13,0,0,0,0,3924,0,1814,0
2021-10-14,0,0,0,0,3900,0,1811,0
2021-10-15,0,0,0,0,4189,0,1816,0
2021-10-16,0,0,0,0,4141,0,1785,0
2021-10-17,0,0,0,0,4186,0,1805,0
2021-10-18,0,0,0,0,4220,0,1861,0
2021-10-19,0,0,0,0,4364,0,1869,0
2021-10-20,0,0,0,0,4462,0,1910,0
2021-10-21,0,0,0,0,4203,0,1795,0
2021-10-22,0,0,0,0,4103,0,1824,0
2021-10-23,0,0,0,0,4150,0,1852,0
2021-10-24,0,0,0,0,4119,0,1817,0
2021-10-25,0,0,0,0,4264,0,1848,0
2021-10-26,0,0,0,0,4079,0,1821,0
2021-10-27,0,0,0,0,3950,0,1710,0
2021-10-28,0,0,0,0,4090,0,1871,0
2021-10-29,0,0,0,0,4192,0,2012,0
2021-10-30,0,0,0,0,4169,0,2005,0
2021-10-31,0,0,0,0,4131,0,1992,0
2021-11-01,0,0,0,0,4124,0,2101,0
2021-11-02,0,0,0,0,4271,0,2112,0
2021-11-03,0,0,0,0,4263,0,2170,0
2021-11-04,0,0,0,0,4150,0,2131,0
2021-11-05,0,0,0,0,4140,0,2324,0
2021-11-06,0,0,0,0,4168,0,2429,0
2021-11-07,0,0,0,0,4289,0,2484,0
2021-11-08,0,0,0,0,4569,0,2495,0
2021-11-09,0,0,0,0,4524,0,2419,0
2021-11-10,0,0,0,0,4380,0,2338,0
2021-11-11,0,0,0,0,4381,0,2395,0
2021-11-12,0,0,0,0,4334,0,2387,0
2021-11-13,0,0,0,0,4355,0,2476,0
2021-11-14,0,0,0,0,4423,0,2479,0
2021-11-15,0,0,0,0,4291,0,2409,0
2021-11-16,0,0,0,0,4057,0,2243,0
2021-11-17,0,0,0,0,4078,0,2202,0
2021-11-18,0,0,0,0,3838,0,2023,0
2021-11-19,0,0,0,0,3927,0,2215,0
2021-11-20,0,0,0,0,4034,0,2300,0
2021-11-21,0,0,0,0,3968,0,2230,0
2021-11-22,0,0,0,0,3802,0,2129,0
2021-11-23,0,0,0,0,3885,0,2250,0
2021-11-24,0,0,0,0,3795,0,2210,0
2021-11-25,0,0,0,0,3865,0,2297,0
2021-11-26,0,0,0,0,3614,0,2226,0
2021-11-27,0,0,0,0,3698,0,2284,0
2021-11-28,0,0,0,0,3862,0,2325,0
2021-11-29,0,0,0,0,3913,0,2382,0
2021-11-30,0,0,0,0,3843,0,2367,0
2021-12-01,0,0,0,0,3835,0,2373,0
2021-12-02,0,0,0,0,3788,0,2343,0
2021-12-03,0,0,0,0,3605,0,2255,0
2021-12-04,0,0,0,0,3309,0,2158,0
2021-12-05,0,0,0,0,3321,0,2115,0
2021-12-06,0,0,0,0,3400,0,2233,0
2021-12-07,0,0,0,0,3408,0,2197,0
2021-12-08,0,0,0,0,3405,0,2309,0
2021-12-09,0,0,0,0,3201,0,2164,0
2021-12-10,0,0,0,0,3178,0,2097,0
2021-12-11,0,0,0,0,3321,0,2140,0
2021-12-12,0,0,0,0,3370,0,2165,0
2021-12-13,0,0,0,0,3139,0,1973,0
2021-12-14,0,0,0,0,3143,0,1943,0
2021-12-15,0,0,0,0,3301,0,2059,0
2021-12-16,0,0,0,0,3213,0,2000,0
2021-12-17,0,0,0,0,3116,0,1999,0
2021-12-18,0,0,0,0,3160,0,2030,0
2021-12-19,0,0,0,0,3150,0,2015,0
2021-12-20,0,0,0,0,3170,0,1994,0
2021-12-21,0,0,0,0,3308,0,2015,0
2021-12-22,0,0,0,0,3277,0,2027,0
2021-12-23,0,0,0,0,3420,0,2083,0
2021-12-24,0,0,0,0,3412,0,2051,0
2021-12-25,0,0,0,0,3385,0,2071,0
2021-12-26,0,0,0,0,3411,0,2070,0
2021-12-27,0,0,0,0,3406,0,2134,0
2021-12-28,0,0,0,0,3201,0,2029,0
2021-12-29,0,0,0,0,3108,0,1939,0
2021-12-30,0,0,0,0,3166,0,1963,0
2021-12-31,0,0,0,0,3112,0,1939,0
2022-01-01,0,0,0,0,41521,0,1998,0
2022-01-02,0,0,0,0,41223,0,2014,0
2022-01-03,0,0,0,0,40514,0,1944,0
2022-01-04,0,0,0,0,39914,0,1921,0
2022-01-05,0,0,0,0,37739,0,1791,0
2022-01-06,0,0,0,0,37495,0,1789,0
2022-01-07,0,0,0,0,36134,0,1694,0
2022-01-08,0,0,0,0,36287,0,1628,0
2022-01-09,0,0,0,0,36441,0,1660,0
2022-01-10,0,0,0,0,36413,0,1610,0
2022-01-11,0,0,0,0,37129,0,1753,0
2022-01-12,0,0,0,0,38222,0,1843,0
2022-01-13,0,0,0,0,37004,0,1796,0
2022-01-14,0,0,0,0,37401,0,1850,0
2022-01-15,0,0,0,0,37468,0,1869,0
2022-01-16,0,0,0,0,37413,0,1882,0
2022-01-17,0,0,0,0,36627,0,1795,0
2022-01-18,0,0,0,0,36583,0,1773,0
2022-01-19,0,0,0,0,36159,0,1745,0
2022-01-20,0,0,0,0,35278,0,1661,0
2022-01-21,0,0,0,0,31694,0,1449,0
2022-01-22,0,0,0,0,30453,0,1355,0
2022-01-23,0,0,0,0,31537,0,1453,0
2022-01-24,0,0,0,0,31952,0,1409,0
2022-01-25,0,0,0,0,32182,0,1458,0
2022-01-26,0,0,0,0,32133,0,1426,0
2022-01-27,0,0,0,0,32343,0,1478,0
2022-01-28,0,0,0,0,33015,0,1468,0
2022-01-29,0,0,0,0,33324,0,1480,0
2022-01-30,0,0,0,0,33131,0,1436,0
2022-01-31,0,0,0,0,33711,0,1431,0
2022-02-01,0,0,0,0,33870,0,1467,0
2022-02-02,0,0,0,0,32272,0,1397,0
2022-02-03,0,0,0,0,32458,0,1410,0
2022-02-04,0,0,0,0,36246,0,1517,0
2022-02-05,0,0,0,0,36194,0,1574,0
2022-02-06,0,0,0,0,37042,0,1595,0
2022-02-07,0,0,0,0,38367,0,1650,0
2022-02-08,0,0,0,0,38646,0,1558,0
2022-02-09,0,0,0,0,38810,0,1609,0
2022-02-10,0,0,0,0,38099,0,1580,0
2022-02-11,0,0,0,0,37148,0,1526,0
2022-02-12,0,0,0,0,37005,0,1538,0
2022-02-13,0,0,0,0,36964,0,1521,0
2022-02-14,0,0,0,0,37412,0,1543,0
2022-02-15,0,0,0,0,39096,0,1651,0
2022-02-16,0,0,0,0,38502,0,1631,0
2022-02-17,0,0,0,0,35490,0,1533,0
2022-02-18,0,0,0,0,35079,0,1524,0
2022-02-19,0,0,0,0,35159,0,1526,0
2022-02-20,0,0,0,0,33677,0,1452,0
2022-02-21,0,0,0,0,32528,0,1362,0
2022-02-22,0,0,0,0,33521,0,1426,0
2022-02-23,0,0,0,0,32684,0,1398,0
2022-02-24,0,0,0,0,33634,0,1379,0
2022-02-25,0,0,0,0,34648,0,1442,0
2022-02-26,0,0,0,0,34552,0,1437,0
2022-02-27,0,0,0,0,33319,0,1386,0
2022-02-28,0,0,0,0,38022,0,1516,0
2022-03-01,0,0,0,0,39062,0,1566,0
2022-03-02,0,0,0,0,38781,0,1572,0
2022-03-03,0,0,0,0,37379,0,1543,0
2022-03-04,0,0,0,0,34560,0,1438,0
2022-03-05,0,0,0,0,34792,0,1479,0
2022-03-06,0,0,0,0,33926,0,1441,0
2022-03-07,0,0,0,0,33700,0,1469,0
2022-03-08,0,0,0,0,34481,0,1480,0
2022-03-09,0,0,0,0,37406,0,1526,0
2022-03-10,0,0,0,0,35094,0,1441,0
2022-03-11,0,0,0,0,34563,0,1443,0
2022-03-12,0,0,0,0,34660,0,1445,0
2022-03-13,0,0,0,0,33720,0,1403,0
2022-03-14,0,0,0,0,35477,0,1454,0
2022-03-15,0,0,0,0,35308,0,1452,0
2022-03-16,0,0,0,0,36938,0,1506,0
2022-03-17,0,0,0,0,36585,0,1523,0
2022-03-18,0,0,0,0,37079,0,1535,0
2022-03-19,0,0,0,0,37425,0,1544,0
2022-03-20,0,0,0,0,36589,0,1509,0
2022-03-21,0,0,0,0,36668,0,1540,0
2022-03-22,0,0,0,0,37883,0,1574,0
2022-03-23,0,0,0,0,38439,0,1594,0
2022-03-24,0,0,0,0,39523,0,1620,0
2022-03-25,0,0,0,0,40000,0,1613,0
2022-03-26,0,0,0,0,40137,0,1633,0
2022-03-27,0,0,0,0,42230,0,1690,0
2022-03-28,0,0,0,0,42533,0,1690,0
2022-03-29,0,0,0,0,43009,0,1713,0
2022-03-30,0,0,0,0,42414,0,1736,0
2022-03-31,0,0,0,0,40893,0,1676,0
2022-04-01,0,0,0,0,41692,0,1751,0
2022-04-02,0,0,0,0,41320,0,1713,0
2022-04-03,0,0,0,0,41846,0,1766,0
2022-04-04,0,0,0,0,42076,0,1758,0
2022-04-05,0,0,0,0,40999,0,1744,0
2022-04-06,0,0,0,0,38973,0,1649,0
2022-04-07,0,0,0,0,39339,0,1719,0
2022-04-08,0,0,0,0,38337,0,1664,0
2022-04-09,0,0,0,0,38786,0,1685,0
2022-04-10,0,0,0,0,38265,0,1652,0
2022-04-11,0,0,0,0,35945,0,1560,0
2022-04-12,0,0,0,0,36672,0,1646,0
2022-04-13,0,0,0,0,37631,0,1683,0
2022-04-14,0,0,0,0,36290,0,1640,0
2022-04-15,0,0,0,0,36979,0,1656,0
2022-04-16,0,0,0,0,36861,0,1657,0
2022-04-17,0,0,0,0,36216,0,1617,0
2022-04-18,0,0,0,0,37414,0,1663,0
2022-04-19,0,0,0,0,38168,0,1691,0
2022-04-20,0,0,0,0,38102,0,1677,0
2022-04-21,0,0,0,0,37207,0,1618,0
2022-04-22,0,0,0,0,36641,0,1633,0
2022-04-23,0,0,0,0,36407,0,1612,0
2022-04-24,0,0,0,0,36391,0,1601,0
2022-04-25,0,0,0,0,37331,0,1624,0
2022-04-26,0,0,0,0,35031,0,1542,0
2022-04-27,0,0,0,0,36195,0,1571,0
2022-04-28,0,0,0,0,36779,0,1637,0
2022-04-29,0,0,0,0,35798,0,1586,0
2022-04-30,0,0,0,0,34968,0,1524,0
2022-05-01,0,0,0,0,35667,0,1575,0
2022-05-02,0,0,0,0,35701,0,1571,0
2022-05-03,0,0,0,0,35039,0,1549,0
2022-05-04,0,0,0,0,36769,0,1622,0
2022-05-05,0,0,0,0,33667,0,1517,0
2022-05-06,0,0,0,0,33591,0,1539,0
2022-05-07,0,0,0,0,33088,0,1483,0
2022-05-08,0,0,0,0,31744,0,1442,0
2022-05-09,0,0,0,0,28279,0,1216,0
2022-05-10,0,0,0,0,29055,0,1302,0
2022-05-11,0,0,0,0,27001,0,1096,0
2022-05-12,0,0,0,0,27148,0,1096,0
2022-05-13,0,0,0,0,27490,0,1187,0
2022-05-14,0,0,0,0,28258,0,2226,1531
2022-05-15,0,0,0,0,29389,0,2335,1555
2022-05-16,0,0,0,0,27998,0,2225,1428
2022-05-17,0,0,0,0,28458,0,2282,1492
2022-05-18,0,0,0,0,26767,0,2136,1353
2022-05-19,0,0,0,0,28381,0,2290,1420
2022-05-20,0,0,0,0,27210,0,2246,1373
2022-05-21,0,0,0,0,27426,0,2322,1383
2022-05-22,0,0,0,0,28256,0,2375,1431
2022-05-23,0,0,0,0,27218,0,2362,1384
2022-05-24,0,0,0,0,27531,0,2429,1403
2022-05-25,0,0,0,0,27483,0,2414,1368
2022-05-26,0,0,0,0,27096,0,2251,1294
2022-05-27,0,0,0,0,26417,0,2214,1240
2022-05-28,0,0,0,0,26590,0,2265,1275
2022-05-29,0,0,0,0,27172,0,2251,1320
2022-05-30,0,0,0,0,29259,0,2366,1401
2022-05-31,0,0,0,0,28855,0,2319,1427
2022-06-01,0,0,0,0,27196,0,2187,1313
2022-06-02,0,0,0,0,27937,0,2253,1338
2022-06-03,0,0,0,0,27212,0,2180,1296
2022-06-04,0,0,0,0,27330,0,2203,1334
2022-06-05,0,0,0,0,27397,0,2184,1273
2022-06-06,0,0,0,0,28995,0,2177,1326
2022-06-07,0,0,0,0,28816,0,2141,1302
2022-06-08,0,0,0,0,27969,0,2130,1265
2022-06-09,0,0,0,0,27906,0,2142,1256
2022-06-10,0,0,0,0,27087,0,2124,1207
2022-06-11,0,0,0,0,26414,0,2001,1128
2022-06-12,0,0,0,0,24926,0,1901,1058
2022-06-13,0,0,0,0,20984,0,1655,913
2022-06-14,0,0,0,0,20754,0,1663,911
2022-06-15,0,0,0,0,21018,0,1733,917
2022-06-16,0,0,0,0,18867,0,1547,782
2022-06-17,0,0,0,0,19137,0,1609,873
2022-06-18,0,0,0,0,17778,0,1469,841
2022-06-19,0,0,0,0,19214,0,1602,867
2022-06-20,0,0,0,0,19261,0,1617,859
2022-06-21,0,0,0,0,19365,0,1636,858
2022-06-22,0,0,0,0,18702,0,1599,818
2022-06-23,0,0,0,0,19696,0,1705,838
2022-06-24,0,0,0,0,19793,0,1786,824
2022-06-25,0,0,0,0,20045,0,1782,829
2022-06-26,0,0,0,0,19602,0,1738,814
2022-06-27,0,0,0,0,19383,0,1741,804
2022-06-28,0,0,0,0,18789,0,1676,738
2022-06-29,0,0,0,0,18778,0,1633,753
2022-06-30,0,0,0,0,18476,0,1633,741
2022-07-01,0,0,0,0,17989,0,1608,731
2022-07-02,0,0,0,0,17964,0,1623,767
2022-07-03,0,0,0,0,18015,0,1630,761
2022-07-04,0,0,0,0,18976,0,1732,783
2022-07-05,0,0,0,0,18871,0,1720,753
2022-07-06,0,0,0,0,19264,0,1783,768
2022-07-07,0,0,0,0,20290,0,1806,808
2022-07-08,0,0,0,0,20353,0,1798,788
2022-07-09,0,0,0,0,20223,0,1816,807
2022-07-10,0,0,0,0,19538,0,1752,774
2022-07-11,0,0,0,0,18704,0,1687,718
2022-07-12,0,0,0,0,18166,0,1653,708
2022-07-13,0,0,0,0,19002,0,1728,743
2022-07-14,0,0,0,0,19275,0,1779,745
2022-07-15,0,0,0,0,19625,0,1792,771
2022-07-16,0,0,0,0,19958,0,1874,797
2022-07-17,0,0,0,0,19571,0,1861,804
2022-07-18,0,0,0,0,21172,0,1989,884
2022-07-19,0,0,0,0,21956,0,2012,931
2022-07-20,0,0,0,0,21784,0,1931,882
2022-07-21,0,0,0,0,21790,0,1991,893
2022-07-22,0,0,0,0,21366,0,1972,897
2022-07-23,0,0,0,0,21132,0,1946,891
2022-07-24,0,0,0,0,21267,0,1964,961
2022-07-25,0,0,0,0,20040,0,1834,864
2022-07-26,0,0,0,0,19944,0,1864,860
2022-07-27,0,0,0,0,21598,0,2039,924
2022-07-28,0,0,0,0,22413,0,2078,1123
2022-07-29,0,0,0,0,22417,0,2207,1107
2022-07-30,0,0,0,0,22278,0,2159,1054
2022-07-31,0,0,0,0,21977,0,2129,1018
2022-08-01,0,0,0,0,22019,0,2135,1008
2022-08-02,0,0,0,0,21822,0,2149,983
2022-08-03,0,0,0,0,21552,0,2244,979
2022-08-04,0,0,0,0,21331,0,2335,980
2022-08-05,0,0,0,0,21959,0,2370,1028
2022-08-06,0,0,0,0,21650,0,2369,1032
2022-08-07,0,0,0,0,21852,0,2428,1029
2022-08-08,0,0,0,0,22444,0,2441,1044
2022-08-09,0,0,0,0,21877,0,2447,982
2022-08-10,0,0,0,0,22637,0,2476,1037
2022-08-11,0,0,0,0,22558,0,2431,1039
2022-08-12,0,0,0,0,23007,0,2462,1041
2022-08-13,0,0,0,0,23027,0,2435,1050
2022-08-14,0,0,0,0,22928,0,2390,1016
2022-08-15,0,0,0,0,22752,0,2404,1001
2022-08-16,0,0,0,0,22542,0,2381,995
2022-08-17,0,0,0,0,21997,0,2305,973
2022-08-18,0,0,0,0,21875,0,2240,940
2022-08-19,0,0,0,0,19699,0,2104,835
2022-08-20,0,0,0,0,19972,0,2134,835
2022-08-21,0,0,0,0,20319,0,2272,869
2022-08-22,0,0,0,0,20278,0,2271,899
2022-08-23,0,0,0,0,20420,0,2262,977
2022-08-24,0,0,0,0,20320,0,2245,962
2022-08-25,0,0,0,0,20539,0,2286,959
2022-08-26,0,0,0,0,19253,0,2119,853
2022-08-27,0,0,0,0,19046,0,2105,846
2022-08-28,0,0,0,0,18642,0,2093,832
2022-08-29,0,0,0,0,19349,0,2175,880
2022-08-30,0,0,0,0,18925,0,2145,846
2022-08-31,0,0,0,0,19211,0,2133,853
2022-09-01,0,0,0,0,19219,0,2120,860
2022-09-02,0,0,0,0,19204,0,2127,864
2022-09-03,0,0,0,0,19072,0,2130,874
2022-09-04,0,0,0,0,19220,0,2138,877
2022-09-05,0,0,0,0,19093,0,2126,935
2022-09-06,0,0,0,0,18197,0,2023,839
2022-09-07,0,0,0,0,18703,0,2155,888
2022-09-08,0,0,0,0,18771,0,2172,953
2022-09-09,0,0,0,0,20770,0,2273,996
2022-09-10,0,0,0,0,21061,0,2300,996
2022-09-11,0,0,0,0,21147,0,2286,977
2022-09-12,0,0,0,0,21725,0,2274,965
2022-09-13,0,0,0,0,19732,0,2152,893
2022-09-14,0,0,0,0,19829,0,2182,909
2022-09-15,0,0,0,0,19269,0,2112,890
2022-09-16,0,0,0,0,19434,0,2152,907
2022-09-17,0,0,0,0,19783,0,2188,928
2022-09-18,0,0,0,0,19087,0,2087,849
2022-09-19,0,0,0,0,19233,0,2135,853
2022-09-20,0,0,0,0,18627,0,2094,859
2022-09-21,0,0,0,0,18298,0,2083,834
2022-09-22,0,0,0,0,19220,0,2175,891
2022-09-23,0,0,0,0,19159,0,2190,920
2022-09-24,0,0,0,0,18801,0,2178,904
2022-09-25,0,0,0,0,18667,0,2169,870
2022-09-26,0,0,0,0,19238,0,2202,898
2022-09-27,0,0,0,0,19145,0,2176,885
2022-09-28,0,0,0,0,19371,0,2240,879
2022-09-29,0,0,0,0,19514,0,2256,898
2022-09-30,0,0,0,0,19349,0,2256,923
2022-10-01,0,0,0,0,19230,0,2246,901
2022-10-02,0,0,0,0,18963,0,2258,879
2022-10-03,0,0,0,0,19646,0,2291,898
2022-10-04,0,0,0,0,20348,0,2364,936
2022-10-05,0,0,0,0,20073,0,2335,939
2022-10-06,0,0,0,0,19803,0,2268,907
2022-10-07,0,0,0,0,19407,0,2242,895
2022-10-08,0,0,0,0,19278,0,2189,897
2022-10-09,0,0,0,0,19307,0,2203,898
2022-10-10,0,0,0,0,19108,0,2163,861
2022-10-11,0,0,0,0,19067,0,2166,858
2022-10-12,0,0,0,0,19193,0,2165,865
2022-10-13,0,0,0,0,19388,0,2168,841
2022-10-14,0,0,0,0,19235,0,2155,832
2022-10-15,0,0,0,0,19117,0,2146,836
2022-10-16,0,0,0,0,19318,0,2179,854
2022-10-17,0,0,0,0,19671,0,2210,859
2022-10-18,0,0,0,0,19469,0,2194,845
2022-10-19,0,0,0,0,19291,0,2186,826
2022-10-20,0,0,0,0,19285,0,2173,831
2022-10-21,0,0,0,0,19370,0,2175,835
2022-10-22,0,0,0,0,19406,0,2179,848
2022-10-23,0,0,0,0,19769,0,2223,865
2022-10-24,0,0,0,0,19598,0,2213,844
2022-10-25,0,0,0,0,20441,0,2307,886
2022-10-26,0,0,0,0,21072,0,2349,897
2022-10-27,0,0,0,0,20411,0,2301,874
2022-10-28,0,0,0,0,20775,0,2397,900
2022-10-29,0,0,0,0,21000,0,2447,922
2022-10-30,0,0,0,0,20815,0,2523,905
2022-10-31,0,0,0,0,20720,0,2631,898
2022-11-01,0,0,0,0,20796,0,2627,901
2022-11-02,0,0,0,0,20387,0,2581,886
2022-11-03,0,0,0,0,20516,0,2669,907
2022-11-04,0,0,0,0,21403,0,2860,969
2022-11-05,0,0,0,0,21540,0,2818,967
2022-11-06,0,0,0,0,21179,0,2739,912
2022-11-07,0,0,0,0,20754,0,2707,915
2022-11-08,0,0,0,0,18590,0,2620,799
2022-11-09,0,0,0,0,15893,0,2129,690
2022-11-10,0,0,0,0,17667,0,2436,797
2022-11-11,0,0,0,0,16839,0,2284,784
2022-11-12,0,0,0,0,16607,0,2225,781
2022-11-13,0,0,0,0,16166,0,2180,760
2022-11-14,0,0,0,0,16268,0,2174,783
2022-11-15,0,0,0,0,16418,0,2147,780
2022-11-16,0,0,0,0,16309,0,2122,789
2022-11-17,0,0,0,0,16303,0,2087,783
2022-11-18,0,0,0,0,16308,0,2133,789
2022-11-19,0,0,0,0,16322,0,2121,790
2022-11-20,0,0,0,0,15912,0,2058,791
2022-11-21,0,0,0,0,15462,0,1985,781
2022-11-22,0,0,0,0,15866,0,2081,824
2022-11-23,0,0,0,0,16266,0,2326,868
2022-11-24,0,0,0,0,16246,0,2344,875
2022-11-25,0,0,0,0,16078,0,2332,855
2022-11-26,0,0,0,0,16022,0,2416,845
2022-11-27,0,0,0,0,16003,0,2385,836
2022-11-28,0,0,0,0,15790,0,2279,827
2022-11-29,0,0,0,0,16051,0,2300,837
2022-11-30,0,0,0,0,16725,0,2336,853
2022-12-01,0,0,0,0,16439,0,2256,825
2022-12-02,0,0,0,0,16455,0,2254,832
2022-12-03,0,0,0,0,16281,0,2231,817
2022-12-04,0,0,0,0,16495,0,2244,826
2022-12-05,0,0,0,0,16319,0,2211,819
2022-12-06,0,0,0,0,16442,0,2227,832
2022-12-07,0,0,0,0,16247,0,2186,813
2022-12-08,0,0,0,0,16621,0,2234,833
2022-12-09,0,0,0,0,16430,0,2188,812
2022-12-10,0,0,0,0,16426,0,2203,807
2022-12-11,0,0,0,0,16402,0,2175,787
2022-12-12,0,0,0,0,16626,0,2128,792
2022-12-13,0,0,0,0,17173,0,2094,820
2022-12-14,0,0,0,0,17162,0,2060,811
2022-12-15,0,0,0,0,16664,0,1976,794
2022-12-16,0,0,0,0,16146,0,1788,750
2022-12-17,0,0,0,0,16290,0,1876,772
2022-12-18,0,0,0,0,16254,0,1942,764
2022-12-19,0,0,0,0,15925,0,1859,737
2022-12-20,0,0,0,0,16384,0,1945,762
2022-12-21,0,0,0,0,16266,0,1897,749
2022-12-22,0,0,0,0,16254,0,1893,756
2022-12-23,0,0,0,0,16254,0,1899,762
2022-12-24,0,0,0,0,16303,0,1888,760
2022-12-25,0,0,0,0,16298,0,1876,757
2022-12-26,0,0,0,0,16376,0,1884,772
2022-12-27,0,0,0,0,16166,0,1901,759
2022-12-28,0,0,0,0,16009,0,1883,740
2022-12-29,0,0,0,0,16098,0,1901,735
2022-12-30,0,0,0,0,16035,0,1893,721
2022-12-31,0,0,0,0,15982,0,1897,724
2023-01-01,0,0,0,0,16057,0,1880,723
2023-01-02,0,0,0,0,16101,0,1889,740
2023-01-03,0,0,0,0,16131,0,1898,744
2023-01-04,0,0,0,0,16271,0,1993,756
2023-01-05,0,0,0,0,16265,0,1975,754
2023-01-06,0,0,0,0,16342,0,1997,756
2023-01-07,0,0,0,0,16345,0,2008,755
2023-01-08,0,0,0,0,16476,0,2109,770
2023-01-09,0,0,0,0,16544,0,2092,795
2023-01-10,0,0,0,0,16730,0,2120,795
2023-01-11,0,0,0,0,17182,0,2177,812
2023-01-12,0,0,0,0,18079,0,2199,885
2023-01-13,0,0,0,0,19007,0,2236,916
2023-01-14,0,0,0,0,20025,0,2323,928
2023-01-15,0,0,0,0,19934,0,2299,920
2023-01-16,0,0,0,0,20179,0,2272,912
2023-01-17,0,0,0,0,20204,0,2282,905
2023-01-18,0,0,0,0,19718,0,2181,876
2023-01-19,0,0,0,0,20037,0,2234,892
2023-01-20,0,0,0,0,21658,0,2322,943
2023-01-21,0,0,0,0,21754,0,2279,945
2023-01-22,0,0,0,0,21700,0,2308,948
2023-01-23,0,0,0,0,21889,0,2325,983
2023-01-24,0,0,0,0,21587,0,2286,944
2023-01-25,0,0,0,0,22027,0,2335,970
2023-01-26,0,0,0,0,21932,0,2315,985
2023-01-27,0,0,0,0,21947,0,2336,990
2023-01-28,0,0,0,0,21902,0,2322,974
2023-01-29,0,0,0,0,22609,0,2406,1004
2023-01-30,0,0,0,0,21754,0,2332,962
2023-01-31,0,0,0,0,21922,0,2360,976
2023-02-01,0,0,0,0,22428,0,2393,995
2023-02-02,0,0,0,0,21822,0,2397,981
2023-02-03,0,0,0,0,21808,0,2464,990
2023-02-04,0,0,0,0,21699,0,2452,993
2023-02-05,0,0,0,0,21349,0,2431,965
2023-02-06,0,0,0,0,21470,0,2442,958
2023-02-07,0,0,0,0,21970,0,2509,991
2023-02-08,0,0,0,0,21684,0,2473,959
2023-02-09,0,0,0,0,20634,0,2307,923
2023-02-10,0,0,0,0,20449,0,2304,909
2023-02-11,0,0,0,0,20657,0,2339,910
2023-02-12,0,0,0,0,20579,0,2357,896
2023-02-13,0,0,0,0,20720,0,2231,908
2023-02-14,0,0,0,0,21139,0,2246,931
2023-02-15,0,0,0,0,23147,0,2408,989
2023-02-16,0,0,0,0,22535,0,2318,943
2023-02-17,0,0,0,0,23395,0,2380,981
2023-02-18,0,0,0,0,23467,0,2405,1001
2023-02-19,0,0,0,0,23169,0,2369,1000
2023-02-20,0,0,0,0,23740,0,2404,1067
2023-02-21,0,0,0,0,23358,0,2374,1072
2023-02-22,0,0,0,0,23213,0,2393,1051
2023-02-23,0,0,0,0,22974,0,2360,1029
2023-02-24,0,0,0,0,22115,0,2296,977
2023-02-25,0,0,0,0,22093,0,2298,980
2023-02-26,0,0,0,0,22461,0,2349,1003
2023-02-27,0,0,0,0,22701,0,2346,1007
2023-02-28,0,0,0,0,22296,0,2315,981
2023-03-01,0,0,0,0,22813,0,2330,1000
2023-03-02,0,0,0,0,22585,0,2301,978
2023-03-03,0,0,0,0,21543,0,2230,938
2023-03-04,0,0,0,0,21534,0,2224,925
2023-03-05,0,0,0,0,21613,0,2217,922
2023-03-06,0,0,0,0,21535,0,2205,920
2023-03-07,0,0,0,0,21387,0,2221,908
2023-03-08,0,0,0,0,21007,0,2212,870
2023-03-09,0,0,0,0,19695,0,2138,822
2023-03-10,0,0,0,0,19582,0,2146,836
2023-03-11,0,0,0,0,20014,0,2150,856
2023-03-12,0,0,0,0,21500,0,2240,906
2023-03-13,0,0,0,0,23483,0,2390,952
2023-03-14,0,0,0,0,23725,0,2365,972
2023-03-15,0,0,0,0,23311,0,2342,912
2023-03-16,0,0,0,0,24070,0,2527,936
2023-03-17,0,0,0,0,26373,0,2600,1007
2023-03-18,0,0,0,0,25933,0,2542,975
2023-03-19,0,0,0,0,26964,0,2584,1011
2023-03-20,0,0,0,0,26764,0,2559,972
2023-03-21,0,0,0,0,27058,0,2567,997
2023-03-22,0,0,0,0,26202,0,2463,935
2023-03-23,0,0,0,0,27071,0,2513,950
2023-03-24,0,0,0,0,26084,0,2439,907
2023-03-25,0,0,0,0,26085,0,2441,917
2023-03-26,0,0,0,0,26559,0,2488,915
2023-03-27,0,0,0,0,25905,0,2367,886
2023-03-28,0,0,0,0,25892,0,2372,887
2023-03-29,0,0,0,0,27080,0,2390,909
2023-03-30,0,0,0,0,26930,0,2425,898
2023-03-31,0,0,0,0,27211,0,2415,915
2023-04-01,0,0,0,0,27146,0,2401,926
2023-04-02,0,0,0,0,26944,0,2392,907
2023-04-03,0,0,0,0,26704,0,2364,948
2023-04-04,0,0,0,0,27026,0,2379,942
2023-04-05,0,0,0,0,26953,0,2395,940
2023-04-06,0,0,0,0,26962,0,2395,936
2023-04-07,0,0,0,0,26822,0,2379,924
2023-04-08,0,0,0,0,26843,0,2379,918
2023-04-09,0,0,0,0,27213,0,2396,931
2023-04-10,0,0,0,0,28371,0,2429,945
2023-04-11,0,0,0,0,29051,0,2473,958
2023-04-12,0,0,0,0,28919,0,2440,954
2023-04-13,0,0,0,0,29136,0,2483,971
2023-04-14,0,0,0,0,29224,0,2516,980
2023-04-15,0,0,0,0,29063,0,2548,983
2023-04-16,0,0,0,0,29060,0,2662,995
2023-04-17,0,0,0,0,28277,0,2603,976
2023-04-18,0,0,0,0,29154,0,2624,989
2023-04-19,0,0,0,0,27630,0,2467,926
2023-04-20,0,0,0,0,27153,0,2437,914
2023-04-21,0,0,0,0,26241,0,2467,889
2023-04-22,0,0,0,0,26761,0,2547,908
2023-04-23,0,0,0,0,26543,0,2536,891
2023-04-24,0,0,0,0,26536,0,2546,888
2023-04-25,0,0,0,0,27243,0,2596,893
2023-04-26,0,0,0,0,27463,0,2549,877
2023-04-27,0,0,0,0,28418,0,2546,872
2023-04-28,0,0,0,0,28288,0,2495,879
2023-04-29,0,0,0,0,28199,0,2476,891
2023-04-30,0,0,0,0,28219,0,2596,880
2023-05-01,0,0,0,0,27189,0,2537,874
2023-05-02,0,0,0,0,27744,0,2483,890
2023-05-03,0,0,0,0,28083,0,2518,898
2023-05-04,0,0,0,0,27831,0,2492,874
2023-05-05,0,0,0,0,28476,0,2513,895
2023-05-06,0,0,0,0,27869,0,2481,872
2023-05-07,0,0,0,0,27435,0,2472,866
2023-05-08,0,0,0,0,26658,0,2410,828
2023-05-09,0,0,0,0,26633,0,2399,907
2023-05-10,0,0,0,0,26651,0,2420,864
2023-05-11,0,0,0,0,26022,0,2364,844
2023-05-12,0,0,0,0,25904,0,2378,858
2023-05-13,0,0,0,0,25883,0,2397,844
2023-05-14,0,0,0,0,26025,0,2405,860
2023-05-15,0,0,0,0,26374,0,2425,870
2023-05-16,0,0,0,0,26166,0,2403,873
2023-05-17,0,0,0,0,26546,0,2426,883
2023-05-18,0,0,0,0,26009,0,2392,864
2023-05-19,0,0,0,0,25979,0,2380,862
2023-05-20,0,0,0,0,26211,0,2394,869
2023-05-21,0,0,0,0,25848,0,2361,855
2023-05-22,0,0,0,0,25882,0,2377,854
2023-05-23,0,0,0,0,26278,0,2413,862
2023-05-24,0,0,0,0,25538,0,2366,840
2023-05-25,0,0,0,0,25678,0,2356,838
2023-05-26,0,0,0,0,25873,0,2369,847
2023-05-27,0,0,0,0,26017,0,2375,852
2023-05-28,0,0,0,0,27196,0,2426,871
2023-05-29,0,0,0,0,26802,0,2402,857
2023-05-30,0,0,0,0,26630,0,2389,847
2023-05-31,0,0,0,0,26187,0,2354,841
2023-06-01,0,0,0,0,25874,0,2346,844
2023-06-02,0,0,0,0,26234,0,2360,853
2023-06-03,0,0,0,0,26066,0,2354,854
2023-06-04,0,0,0,0,26109,0,2342,860
2023-06-05,0,0,0,0,24869,0,2131,811
2023-06-06,0,0,0,0,26278,0,2165,855
2023-06-07,0,0,0,0,25405,0,1994,828
2023-06-08,0,0,0,0,25629,0,2021,834
2023-06-09,0,0,0,0,25546,0,2005,825
2023-06-10,0,0,0,0,24939,0,1839,772
2023-06-11,0,0,0,0,25025,0,1811,766
2023-06-12,0,0,0,0,25001,0,1778,765
2023-06-13,0,0,0,0,25058,0,1880,786
2023-06-14,0,0,0,0,24185,0,1823,756
2023-06-15,0,0,0,0,24743,0,1823,782
2023-06-16,0,0,0,0,25405,0,1840,805
2023-06-17,0,0,0,0,25582,0,1882,795
2023-06-18,0,0,0,0,25414,0,1878,797
2023-06-19,0,0,0,0,25957,0,1872,796
2023-06-20,0,0,0,0,27459,0,1914,822
2023-06-21,0,0,0,0,29259,0,1937,1023
2023-06-22,0,0,0,0,29118,0,1869,1007
2023-06-23,0,0,0,0,29949,0,1903,1369
2023-06-24,0,0,0,0,29806,0,1841,1610
2023-06-25,0,0,0,0,29739,0,1858,1472
2023-06-26,0,0,0,0,29538,0,1837,1683
2023-06-27,0,0,0,0,27640,0,2216,3575
2023-06-28,0,0,0,0,27088,0,2152,3500
2023-06-29,0,0,0,0,27468,0,2180,3943
2023-06-30,0,0,0,0,27550,0,2251,4755
2023-07-01,0,0,0,0,27652,0,2321,4533
2023-07-02,0,0,0,0,27680,0,2307,4658
2023-07-03,0,0,0,0,28190,0,2310,4505
2023-07-04,0,0,0,0,27795,0,2269,4243
2023-07-05,0,0,0,0,27549,0,2236,4234
2023-07-06,0,0,0,0,27130,0,2183,4338
2023-07-07,0,0,0,0,27613,0,2222,4370
2023-07-08,0,0,0,0,27568,0,2228,4268
2023-07-09,0,0,0,0,27457,0,2209,4168
2023-07-10,0,0,0,0,27619,0,2313,4300
2023-07-11,0,0,0,0,27896,0,2346,4305
2023-07-12,0,0,0,0,27604,0,2296,4425
2023-07-13,0,0,0,0,28377,0,2396,4265
2023-07-14,0,0,0,0,28247,0,3227,6024
2023-07-15,0,0,0,0,28212,0,3265,5772
2023-07-16,0,0,0,0,28168,0,3155,5694
2023-07-17,0,0,0,0,27104,0,2534,8206
2023-07-18,0,0,0,0,26844,0,2491,8274
2023-07-19,0,0,0,0,26855,0,2497,8262
2023-07-20,0,2183,0,0,26867,0,2524,8289
2023-07-21,0,2151,0,0,26967,0,2535,8361
2023-07-22,0,2151,0,0,26844,0,2506,8124
2023-07-23,0,2151,0,0,27126,0,2521,8477
2023-07-24,0,2153,0,0,26548,0,2507,8176
2023-07-25,3371,4354,0,0,26575,0,2494,9248
2023-07-26,3357,4348,0,0,26577,0,2495,9377
2023-07-27,3339,4368,0,0,26487,0,2515,9508
2023-07-28,3381,4371,0,0,26656,0,2537,9421
2023-07-29,3381,4371,0,0,26690,0,2543,9432
2023-07-30,3381,4371,0,0,26616,0,2543,9851
2023-07-31,3394,4354,0,0,26623,0,2533,9688
2023-08-01,3388,4374,0,0,27068,0,2603,10091
2023-08-02,3362,4325,0,0,26757,0,2545,9498
2023-08-03,3356,4325,0,0,26811,0,2554,9361
2023-08-04,3341,4301,0,0,26724,0,2560,9438
2023-08-05,3341,4301,0,0,26694,0,2575,9419
2023-08-06,3341,4301,0,0,26694,0,2574,9246
2023-08-07,5850,6351,0,0,26831,0,2564,9880
2023-08-08,5827,6291,0,0,27381,0,2601,9966
2023-08-09,5812,6300,0,0,27305,0,2598,9950
2023-08-10,5800,6265,0,0,27109,0,2563,9659
2023-08-11,5801,6253,0,0,27107,0,2549,9543
2023-08-12,5801,6253,0,0,27124,0,2555,9526
2023-08-13,5801,6253,0,0,27001,0,2552,9517
2023-08-14,5861,6175,0,0,27248,0,2568,10114
2023-08-15,8267,8216,0,0,27035,0,2530,10048
2023-08-16,8196,8182,0,0,26569,0,2475,9131
2023-08-17,8142,8193,0,0,24720,0,2336,8112
2023-08-18,8145,8154,0,0,24727,0,2895,8847
2023-08-19,8145,8154,0,0,24771,0,2907,8832
2023-08-20,8145,8154,0,0,24860,0,2902,8924
2023-08-21,8200,8125,0,0,24802,0,2822,8792
2023-08-22,8181,8165,0,0,24726,0,2826,8732
2023-08-23,8285,8228,0,0,25153,0,2906,9171
2023-08-24,8144,8364,0,0,25103,0,3225,9484
2023-08-25,10364,10260,0,0,24960,0,3216,9354
2023-08-26,10364,10260,0,0,24922,0,3187,9268
2023-08-27,10364,10260,0,0,25000,0,3216,9651
2023-08-28,10431,10295,0,0,25014,0,3221,9280
2023-08-29,10582,10345,0,0,26573,0,3342,10928
2023-08-30,10609,10395,0,0,26119,0,3292,10509
2023-08-31,10606,10324,0,0,24837,0,4174,10603
2023-09-01,10631,10338,0,0,24718,0,4451,10204
2023-09-02,10631,10338,0,0,24784,0,4468,9973
2023-09-03,10631,10338,0,0,24880,0,4467,10034
2023-09-04,10650,10409,0,0,24773,0,4491,9911
2023-09-05,12770,12389,0,0,24737,0,4475,9831
2023-09-06,12701,12346,0,0,24748,0,4496,9898
2023-09-07,12675,12236,0,0,25239,0,4537,9922
2023-09-08,12731,12185,0,0,24993,0,4502,9940
2023-09-09,12731,12185,0,0,24984,0,4495,9940
2023-09-10,12731,12185,0,0,24923,0,4455,9810
2023-09-11,12836,12143,0,0,24317,0,4330,9482
2023-09-12,12696,12236,0,0,24826,0,4410,10194
2023-09-13,12734,12245,0,0,25251,0,4452,10267
2023-09-14,12816,12414,0,0,25496,0,4435,10656
2023-09-15,14804,14532,0,0,25541,0,4471,11125
2023-09-16,14804,14532,0,0,25503,0,4487,11019
2023-09-17,14804,14532,0,0,25470,0,4822,11378
2023-09-18,14824,14394,0,0,25689,0,4813,11797
2023-09-19,14804,14335,0,0,26144,0,4843,11894
2023-09-20,14703,14246,0,0,26135,0,4792,11729
2023-09-21,14475,14058,0,0,25614,0,4716,11368
2023-09-22,14498,14018,0,0,25729,0,4743,11368
2023-09-23,14498,14018,0,0,25729,0,4730,11386
2023-09-24,14498,14018,0,0,25417,0,4679,11201
2023-09-25,16765,16215,0,0,25451,0,4718,11502
2023-09-26,16505,16022,0,0,25350,0,4766,11705
2023-09-27,16553,16022,0,0,25550,0,4770,12537
2023-09-28,16668,16079,0,0,26228,0,5302,13119
2023-09-29,16543,16079,0,0,25988,0,5280,12840
2023-09-30,16543,16079,0,0,26042,0,5269,12788
2023-10-01,16543,16079,0,0,27023,0,5348,13216
2023-10-02,16637,16294,0,0,26738,0,5298,13536
2023-10-03,16445,16215,0,0,26692,0,5275,12651
2023-10-04,16568,16011,0,0,27055,0,5737,12835
2023-10-05,19074,18498,0,0,26665,0,5660,12712
2023-10-06,19249,18589,0,0,27108,0,5722,12661
2023-10-07,19249,18589,0,0,27129,0,5690,12624
2023-10-08,19249,18589,0,0,27096,0,5667,12502
2023-10-09,19326,18589,0,0,26684,0,5498,11941
2023-10-10,19437,18589,0,0,26514,0,5577,11623
2023-10-11,19446,18874,0,0,25915,0,5502,11663
2023-10-12,19355,19030,0,0,25837,0,5474,11676
2023-10-13,19320,18991,0,0,26028,0,5515,11895
2023-10-14,19320,18991,0,0,26028,0,5530,11752
2023-10-15,19320,18991,0,0,26316,0,5992,11781
2023-10-16,22072,21159,0,0,27656,0,6142,12681
2023-10-17,22067,21159,0,0,27548,0,6049,12424
2023-10-18,21865,20927,0,0,27581,0,6042,12497
2023-10-19,21727,20970,0,0,28023,0,6074,12542
2023-10-20,21425,21000,0,0,28921,0,6098,13247
2023-10-21,21425,21000,0,0,29150,0,6156,11009
2023-10-22,21425,21000,0,0,29224,0,6959,11003
2023-10-23,21377,20767,0,0,32221,0,7295,13802
2023-10-24,21473,20782,0,0,31758,0,7171,14115
2023-10-25,23648,23115,0,0,32289,0,7069,14238
2023-10-26,23485,22745,0,0,32140,0,7142,13942
2023-10-27,23366,22777,0,0,31887,0,7177,13481
2023-10-28,23366,22777,0,0,32056,0,7218,13792
2023-10-29,23366,22777,0,0,32478,0,7262,13869
2023-10-30,23687,22745,0,0,32500,0,7311,13880
2023-10-31,23708,22600,0,0,32488,0,7214,13739
2023-11-01,24085,22664,0,0,33369,0,7299,13817
2023-11-02,24523,23212,0,0,32872,0,7412,13268
2023-11-03,24583,23341,0,0,32459,0,7327,13302
2023-11-04,24583,23341,0,0,32786,0,7545,13448
2023-11-05,24583,23341,0,0,32755,0,7763,13331
2023-11-06,27089,25827,0,0,32673,0,9846,14091
2023-11-07,27176,25810,0,0,33065,0,9531,14163
2023-11-08,27180,25933,0,0,33240,0,9553,14250
2023-11-09,27089,25969,0,0,34352,0,9764,15696
2023-11-10,27544,25863,0,0,34974,0,11143,16468
2023-11-11,27544,25863,0,0,34809,0,11158,16232
2023-11-12,27544,25863,0,0,34731,0,10990,16233
2023-11-13,27595,26252,0,0,34311,0,10741,16156
2023-11-14,28037,26340,0,0,33300,0,10749,15895
2023-11-15,30463,28897,924,0,35311,0,11729,16251
2023-11-16,30440,28959,914,0,33630,0,11197,15948
2023-11-17,30322,29017,916,0,33859,0,11228,15532
2023-11-18,30322,29017,916,0,33848,0,11238,15412
2023-11-19,30322,29017,916,0,34589,0,11313,15615
2023-11-20,30452,28978,910,0,34562,0,11599,15296
2023-11-21,30117,29328,917,0,32750,0,10270,14538
2023-11-22,30157,29114,913,0,34128,0,11187,14960
2023-11-23,30295,29075,922,0,34154,0,11125,15110
2023-11-24,30404,29056,915,0,34654,0,11118,15238
2023-11-25,30404,29056,915,0,34724,0,11191,15306
2023-11-26,30404,29056,915,0,34432,0,11591,15265
2023-11-27,32849,31143,1819,0,34249,0,11368,15039
2023-11-28,32765,31416,1836,0,34658,0,11948,15752
2023-11-29,32482,31395,1842,0,34404,0,11731,15614
2023-11-30,32396,31458,1852,0,34050,0,11672,15393
2023-12-01,32906,31500,1849,0,35274,0,11831,15799
2023-12-02,32906,31500,1849,0,35992,0,11870,16008
2023-12-03,32906,31500,1849,0,36449,0,11808,16141
2023-12-04,32547,31437,1871,0,38049,0,12006,17525
2023-12-05,35251,33573,2799,0,40253,0,11991,17672
2023-12-06,35207,33663,2842,0,40065,0,12921,17233
2023-12-07,35452,33483,2869,0,39616,0,13110,17390
2023-12-08,35533,33686,2858,0,40336,0,13418,17821
2023-12-09,35533,33686,2858,0,39934,0,13353,17762
2023-12-10,35533,33686,2858,0,39983,0,13463,17635
2023-12-11,35650,33753,2850,0,37646,0,13831,16188
2023-12-12,35735,33821,2851,0,37736,0,14247,16255
2023-12-13,36389,33866,2854,0,39228,0,14197,16570
2023-12-14,36129,34205,2908,0,38955,0,15144,17561
2023-12-15,38550,36640,3877,0,37997,0,14640,16808
2023-12-16,38550,36640,3877,0,38279,0,14607,18001
2023-12-17,38550,36640,3877,0,37485,0,15298,18136
2023-12-18,38972,36664,3928,0,38829,0,15510,18392
2023-12-19,39243,36592,3909,0,38540,0,16249,18187
2023-12-20,38547,36664,3918,0,39667,0,16674,18477
2023-12-21,38972,36375,3929,0,39915,0,17410,18793
2023-12-22,38917,36447,3888,0,39883,0,17353,19168
2023-12-23,38917,36447,3888,0,39649,0,17354,18726
2023-12-24,38917,36447,3888,0,38993,0,16928,18402
2023-12-25,38776,36616,3870,0,39391,0,17016,18798
2023-12-26,41443,36809,3873,0,38453,0,18991,18358
2023-12-27,41283,39501,4886,0,39064,0,20532,21034
2023-12-28,41160,39552,4902,0,38211,0,20462,20841
2023-12-29,40853,39526,4891,0,37556,0,19753,20111
2023-12-30,40853,39526,4891,0,37607,0,19960,21422
2023-12-31,40853,39526,4891,0,37704,0,19662,20486
2024-01-01,40832,39526,4891,0,39381,0,19776,21056
2024-01-02,40554,39398,4846,0,40068,0,19622,20285
2024-01-03,40529,38732,4846,0,38450,0,20045,18596
2024-01-04,40614,38707,4853,0,39854,0,20593,19142
2024-01-05,43128,40906,5918,0,39854,0,20209,19151
2024-01-06,43128,40906,5918,0,39697,0,19594,18871
2024-01-07,43128,40906,5918,0,39656,0,19282,18558
2024-01-08,43602,41204,5847,0,42248,0,19321,20228
2024-01-09,43171,41177,5904,0,41191,0,18955,19389
2024-01-10,43937,41014,5900,0,42088,0,19427,20327
2024-01-11,44002,41204,5895,0,41930,0,19693,22149
2024-01-12,43705,41096,5919,0,38473,0,18786,20632
2024-01-13,43705,41096,5919,0,38463,0,19141,20216
2024-01-14,43705,41096,5919,0,37524,0,18940,19563
2024-01-15,43962,44004,7077,0,38391,0,20231,20031
2024-01-16,47048,43714,7059,0,39121,0,20159,21162
2024-01-17,47181,43423,7000,0,39074,0,19933,20737
2024-01-18,47728,43598,6991,0,37822,0,20258,20228
2024-01-19,48370,45051,6878,0,40297,0,20348,21706
2024-01-20,48370,45051,6878,0,40870,0,20520,21931
2024-01-21,48370,45051,6878,0,40752,0,20608,21751
2024-01-22,48179,45283,6928,0,38511,0,19651,21441
2024-01-23,48297,45429,6937,0,38821,0,19189,20931
2024-01-24,48379,45458,6894,0,39584,0,18863,21573
2024-01-25,48492,48864,7977,0,39313,0,18726,21539
2024-01-26,48498,48864,8019,0,41197,0,19408,22031
2024-01-27,48498,48864,8019,0,41495,0,19633,22193
2024-01-28,48498,48864,8019,0,41412,0,19578,21566
2024-01-29,48785,49173,7988,0,42589,0,19919,21937
2024-01-30,48614,49081,8093,0,42140,0,19656,21520
2024-01-31,47782,48463,8177,0,41742,0,19185,21219
2024-02-01,48544,48463,8258,0,42342,0,19227,21492
2024-02-02,49026,48772,8313,0,42435,0,19283,21447
2024-02-03,49026,48772,8313,0,42245,0,19192,21851
2024-02-04,49026,48772,8313,0,41844,0,19512,21358
2024-02-05,55140,52042,9303,0,42041,0,19320,21440
2024-02-06,55337,52042,9303,0,42480,0,19448,21427
2024-02-07,55546,52042,9303,0,43503,0,19678,21815
2024-02-08,55877,52042,9303,0,44704,0,20504,22293
2024-02-09,56080,52042,9303,0,46431,0,20782,22777
2024-02-10,56080,52042,9303,0,47045,0,20736,22543
2024-02-11,56080,52042,9303,0,47560,0,20586,25161
2024-02-12,56170,52042,9303,0,49300,0,21088,25610
2024-02-13,55238,52042,9303,0,48963,0,20837,24635
2024-02-14,56085,52042,9303,0,51309,0,21562,25730
2024-02-15,59343,57209,10254,0,51217,0,22793,24663
2024-02-16,58884,56898,10214,0,51301,0,23129,24976
2024-02-17,58884,56898,10214,0,50812,0,22617,24303
2024-02-18,58884,56898,10214,0,51264,0,22410,24576
2024-02-19,59017,56830,10197,0,51041,0,22598,24876
2024-02-20,58822,57036,10214,0,51653,0,22844,24233
2024-02-21,58835,56830,10227,0,51173,0,24349,24001
2024-02-22,60164,57485,10210,0,50724,0,24611,23768
2024-02-23,60244,57864,10214,0,50201,0,24201,24189
2024-02-24,60244,57864,10214,0,51032,0,24615,24474
2024-02-25,60244,57864,10214,0,51192,0,25054,24489
2024-02-26,63401,60938,12257,0,54206,0,26020,25254
2024-02-27,63411,60721,12189,0,56658,0,25546,26828
2024-02-28,63367,60721,12189,0,62091,0,26913,27243
2024-02-29,63747,60793,12150,0,60932,0,25937,27468
2024-03-01,64294,60612,12209,0,62163,19920,26430,29053
2024-03-02,64294,60612,12209,0,61754,19837,26636,46026
2024-03-03,64294,60612,12209,0,62886,20249,26856,43137
2024-03-04,64105,62169,12260,0,67907,21039,27110,43158
2024-03-05,66442,65651,14147,0,63305,20567,25493,36776
2024-03-06,66860,66030,14270,0,65658,22110,27739,38062
2024-03-07,67359,67394,14361,0,66310,22398,30657,39550
2024-03-08,66888,68265,14379,0,67609,22482,31453,40004
2024-03-09,66888,68265,14379,0,67806,22625,31548,39627
2024-03-10,66888,68265,14379,0,68321,22432,34114,38743
2024-03-11,66871,67659,14375,0,71435,23508,33704,41030
2024-03-12,67392,68341,14338,0,70595,22944,34581,39597
2024-03-13,67368,68796,14238,0,72261,23143,40588,40392
2024-03-14,67237,68606,14174,0,70611,22424,38823,40284
2024-03-15,70124,70958,15934,0,68901,21647,40897,38153
2024-03-16,70124,70958,15934,0,64842,20423,37276,35621
2024-03-17,70124,70958,15934,0,67895,21142,36908,36902
2024-03-18,70737,71353,16111,0,67224,20470,35928,36893
2024-03-19,71217,71353,15913,0,61688,18387,32891,33043
2024-03-20,72041,71037,15913,4645,67859,20490,36212,37817
2024-03-21,72354,72696,15918,6922,65504,20397,36023,38265
2024-03-22,72534,72736,16069,9030,64034,19524,36064,39996
2024-03-23,72534,72736,16069,9030,64318,19580,36071,42340
2024-03-24,72534,72736,16069,9030,67503,20304,37124,44929
2024-03-25,75617,75679,17949,11244,70353,21129,38457,45308
2024-03-26,74930,75761,17984,17769,69939,20970,37742,44290
2024-03-27,75944,75802,18037,22674,69738,20572,37553,50034
2024-03-28,76159,75432,18153,22505,71242,20985,38238,52911
2024-03-29,76251,75720,18165,29291,70469,20725,40213,57873
2024-03-30,76251,75720,18165,29291,70220,20703,39449,55577
2024-03-31,76251,75720,18165,29291,71922,21526,40069,63331
2024-04-01,75951,75473,18142,28933,70093,20622,37955,60253
2024-04-02,75646,76583,17932,29130,65981,19335,36353,59483
2024-04-03,75771,76254,17810,29106,66569,19560,37130,55382
2024-04-04,74673,76254,17810,29106,68967,19658,38592,62126
2024-04-05,75654,76254,17810,29106,68461,19604,38260,61284
2024-04-06,75654,76254,17810,29106,69529,19820,38722,64764
2024-04-07,75654,76254,17810,29106,70000,20406,38599,63808
2024-04-08,75833,79528,19639,29083,72432,21854,38861,63538
2024-04-09,75836,81535,19717,29118,69829,20732,38413,62709
2024-04-10,74853,81450,19808,29234,71055,20878,40213,58495
2024-04-11,75904,81108,19516,29176,71002,20809,40142,57473
2024-04-12,74966,80980,19451,29291,68187,19255,39628,50095
2024-04-13,74966,80980,19451,29291,64763,17864,36832,45104
2024-04-14,74966,80980,19451,29291,66708,18727,37690,49452
2024-04-15,80320,80125,19484,29141,64421,18455,36770,47624
2024-04-16,80511,80958,21396,28355,65083,18420,35919,45892
2024-04-17,80295,81889,21260,28656,62708,17897,35812,43798
2024-04-18,79718,82510,21396,28575,64677,18295,36819,45434
2024-04-19,79241,78476,21597,27905,65170,18303,37090,44960
2024-04-20,79241,78476,21597,27905,66345,18900,38164,48584
2024-04-21,79241,78476,21597,27905,66276,18852,38743,47354
2024-04-22,80146,78032,21396,29454,68412,19217,40588,49345
2024-04-23,81354,78697,21504,29541,68136,19385,40771,47874
2024-04-24,81097,81047,21396,30437,65790,18853,40755,45261
2024-04-25,84316,79761,21275,30213,66251,19018,41309,45406
2024-04-26,84908,83973,23182,30425,65311,18824,40093,45623
2024-04-27,84908,83973,23182,30425,64967,19546,39960,45148
2024-04-28,84908,83973,23182,30425,64653,19612,40252,44506
2024-04-29,85278,85260,23323,30885,65455,19332,39801,44070
2024-04-30,83608,85214,23456,30761,61931,18057,38689,40935
2024-05-01,83798,85214,23456,30761,59827,17887,37755,40202
2024-05-02,84222,84111,23409,30574,60464,17923,37536,40592
2024-05-03,84926,84570,23362,30574,64058,18562,39152,42628
2024-05-04,84926,84570,23362,30574,65078,18653,39074,43584
2024-05-05,84926,84570,23362,30574,65221,18757,39494,44125
2024-05-06,88803,88799,25540,30773,64198,18291,39166,44415
2024-05-07,88892,89227,25769,30823,63330,17940,38418,44184
2024-05-08,89173,89560,25811,30773,62359,17800,39253,42168
2024-05-09,89600,89465,25675,30785,64195,18160,39738,42763
2024-05-10,89726,90179,25845,30860,61908,17403,39051,40116
2024-05-11,89726,90179,25845,30860,61909,17422,39478,40374
2024-05-12,89726,90179,25845,30860,62576,17526,39638,40721
2024-05-13,89968,90798,25752,30960,64224,17692,39554,41222
2024-05-14,90249,91511,25777,31171,62746,17257,37828,40351
2024-05-15,94397,92796,25811,31009,67431,18169,38784,43597
2024-05-16,93393,96364,28132,31457,65797,17456,37594,41422
2024-05-17,93802,96069,28077,31358,67828,18399,38497,43542
2024-05-18,93802,96069,28077,31358,67716,18578,38451,44431
2024-05-19,93802,96069,28077,31358,67046,18273,38063,45284
2024-05-20,94012,95922,27931,31532,72366,21807,39834,48317
2024-05-21,94387,95872,27895,31420,71130,22552,41068,48226
2024-05-22,94197,97739,27959,31694,70164,22285,40856,46740
2024-05-23,93466,98426,27959,31719,68930,22518,39779,45985
2024-05-24,94093,98132,27849,31781,69529,22225,39879,46352
2024-05-25,94093,98132,27849,31781,70280,22346,40009,46216
2024-05-26,94093,98132,27849,31781,69521,22809,39852,45332
2024-05-27,94000,102299,29828,32229,70341,23202,40058,45773
2024-05-28,96890,102349,29769,32279,68971,22810,39757,43833
2024-05-29,96519,101236,29437,32279,68467,22422,39472,43538
2024-05-30,96476,99466,29320,32266,69702,22476,39725,43787
2024-05-31,97254,98656,29603,32030,68767,22549,39599,42788
2024-06-01,97254,98656,29603,32030,68987,22863,40118,43557
2024-06-02,97254,98656,29603,32030,69032,22675,40233,43112
2024-06-03,97687,100326,29760,32142,70341,22672,41935,43870
2024-06-04,97352,98960,30121,32017,71808,22825,45723,44817
2024-06-05,101775,99921,30424,32142,72365,23152,46589,46532
2024-06-06,101510,106016,32580,32353,71862,22790,47248,46487
2024-06-07,101243,105235,32611,32515,70331,21958,45385,44758
2024-06-08,101243,105235,32611,32515,70294,21977,45339,43997
2024-06-09,101243,105235,32611,32515,70641,22128,44718,44424
2024-06-10,102193,105235,32611,32515,70933,22033,41721,44173
2024-06-11,102201,105495,32017,32328,68557,20983,40174,41959
2024-06-12,102994,107422,32267,32366,69444,21337,41260,42660
2024-06-13,102822,108880,32444,32640,67692,20716,39807,40395
2024-06-14,103218,109609,32861,32689,67140,20859,40172,39706
2024-06-15,103218,109609,32861,32689,67323,21359,40480,40347
2024-06-16,103218,109609,32861,32689,67778,21698,40630,40201
2024-06-17,107419,112563,35024,32851,67732,21084,40320,39518
2024-06-18,107546,114435,34980,33224,66258,20885,39210,36556
2024-06-19,107701,117966,35234,33573,66170,21363,39938,36547
2024-06-20,107512,118608,35022,33697,66104,21100,39201,36698
2024-06-21,107145,117699,34888,33523,65277,21107,39073,35996
2024-06-22,107145,117699,34888,33523,65436,20980,39396,36869
2024-06-23,107145,117699,34888,33523,64344,20520,38493,35836
2024-06-24,106930,115131,34966,33089,61429,20115,37876,34240
2024-06-25,110434,114970,35178,32859,62905,20363,38529,36516
2024-06-26,111077,119032,37136,33076,62185,20303,38328,35269
2024-06-27,111622,118812,36758,32961,63208,20836,39021,36820
2024-06-28,110985,119855,36782,33025,61775,20366,37987,36436
2024-06-29,110985,119855,36782,33025,62356,20374,38166,35968
2024-06-30,110985,119855,36782,33025,64190,20730,39014,37216
2024-07-01,111179,120075,36239,33395,64332,20778,38651,36302
2024-07-02,111961,119197,36015,33216,63524,20641,38826,36095
2024-07-03,112643,120569,36144,33242,61721,19938,37383,35331
2024-07-04,112812,123642,36310,33255,58530,18601,34574,31434
2024-07-05,116324,123367,36274,33268,58001,18010,33380,30794
2024-07-06,116324,123367,36274,33268,59681,18533,35369,32417
2024-07-07,116324,123367,36274,33268,57169,17703,32885,29556
2024-07-08,116028,129385,38940,33255,57842,18172,34106,31389
2024-07-09,116435,129553,39281,33293,59315,18492,34587,31250
2024-07-10,117689,130113,39180,33293,59109,18760,35159,32200
2024-07-11,116965,133079,39180,33280,58845,18789,35286,32915
2024-07-12,116965,129385,39596,32948,59049,18876,35645,34713
2024-07-13,116965,129385,39596,32948,60408,19114,35551,35398
2024-07-14,116965,129385,39596,32948,61995,19541,36384,35490
2024-07-15,121124,129161,39457,32935,66488,21124,39338,37915
2024-07-16,121909,132332,42065,32833,66774,20860,38728,36655
2024-07-17,120166,130609,42440,32705,65749,20520,38200,35567
2024-07-18,118997,127967,42373,32437,65454,20711,38318,36160
2024-07-19,118742,125210,42333,31939,68565,21279,39957,37177
2024-07-20,118742,125210,42333,31939,69031,21360,39948,37537
2024-07-21,118742,125210,42333,31939,70049,21469,40506,38026
2024-07-22,120497,121305,42400,31223,69766,20974,39740,36763
2024-07-23,120397,124808,42226,31658,68112,21247,39380,34954
2024-07-24,117436,124808,42226,31658,67421,20336,38803,34505
2024-07-25,116713,124808,42226,31658,67763,19338,38499,34389
2024-07-26,117763,122881,44475,31275,69809,19905,39112,35820
2024-07-27,117763,122881,44475,31275,69707,19736,39147,37208
2024-07-28,117763,122881,44475,31275,70162,19880,39316,39539
2024-07-29,118410,123877,44873,31045,69012,20266,38863,41928
2024-07-30,117974,123995,45000,31134,68480,20052,39806,41311
2024-07-31,119513,123877,45185,31121,66665,19707,38936,39506
2024-08-01,117203,126105,45653,31479,67037,19423,38629,39120
2024-08-02,115570,120067,46292,30725,63272,18207,36626,36288
2024-08-03,115570,120067,46292,30725,62515,17699,35720,34655
2024-08-04,115570,120067,46292,30725,59875,16379,33531,31562
2024-08-05,116557,109866,47399,28438,55407,14665,31222,29364
2024-08-06,118045,116896,49582,29167,57663,14960,32636,29889
2024-08-07,117581,121629,48984,30112,56798,14256,32052,29761
2024-08-08,119854,119472,48566,29729,63447,16310,34829,33630
2024-08-09,119484,123067,48057,30240,62134,15718,34029,32784
2024-08-10,119484,123067,48057,30240,62201,15745,34973,33415
2024-08-11,119484,123067,48057,30240,59929,15424,33669,31119
2024-08-12,119636,124685,48491,30827,60623,16469,34680,33435
2024-08-13,120889,125104,48491,30789,61531,16257,34842,32985
2024-08-14,121523,126602,48849,31198,59753,16052,34906,31759
2024-08-15,125611,125883,49118,31096,57993,15337,34298,31122
2024-08-16,127636,131195,51245,31556,60167,15691,34784,31922
2024-08-17,127636,131195,51245,31556,60765,15817,36274,32165
2024-08-18,127636,131195,51245,31556,59748,15823,35563,31442
2024-08-19,127644,131317,50931,31862,60204,15807,37096,31585
2024-08-20,126541,131379,50805,31913,59300,15390,37457,31118
2024-08-21,126923,129851,51371,31581,61443,15653,37489,32380
2024-08-22,125106,129301,51386,31581,60266,15518,38105,31931
2024-08-23,127816,129484,51088,31556,64657,16520,39092,34009
2024-08-24,127816,129484,51088,31556,64743,16547,38363,33868
2024-08-25,127816,129484,51088,31556,64899,16432,37933,33188
2024-08-26,129516,132470,53128,31594,62877,15895,35936,31620
2024-08-27,129912,131969,52997,31402,59603,14598,35024,30025
2024-08-28,128707,133783,53062,31492,58914,14958,35084,29705
2024-08-29,129896,132282,52916,31683,59812,15103,35390,29980
2024-08-30,130606,132282,52834,31811,59309,15030,35166,30114
2024-08-31,130606,132282,52834,31811,59159,14948,35007,29844
2024-09-01,130606,132282,52834,31811,57509,14455,33673,28964
2024-09-02,131172,132157,52589,31722,59559,15170,34732,30111
2024-09-03,128257,131782,52687,31760,57747,14435,34150,28701
2024-09-04,128139,125465,53438,30955,58382,14631,33488,29312
2024-09-05,130873,126028,53862,30776,56512,14128,33082,28562
2024-09-06,128904,130819,56171,30917,54375,13298,32135,27436
2024-09-07,128904,130819,56171,30917,54567,13600,32552,27863
2024-09-08,128904,130819,56171,30917,55275,13740,33197,28399
2024-09-09,130431,128706,56002,30559,57504,14116,34243,30020
2024-09-10,131305,128770,56645,30380,58288,14337,34261,30768
2024-09-11,132855,128450,57187,30470,58069,14062,35157,31561
2024-09-12,133785,133188,56865,30725,58769,14178,36035,31082
2024-09-13,133725,133700,56764,30700,60890,14573,36666,31167
2024-09-14,133725,133700,56764,30700,60320,14434,36439,30360
2024-09-15,133725,133700,56764,30700,59494,13853,36465,29384
2024-09-16,137157,137227,58593,30776,58526,13709,35155,28959
2024-09-17,136899,137227,58593,30776,60512,13952,35874,29102
2024-09-18,136782,136049,58877,30687,62006,14147,36818,30251
2024-09-19,138469,137948,58096,30827,62986,14645,37104,31431
2024-09-20,138149,139584,57883,30891,63217,15209,37246,30998
2024-09-21,138149,139584,57883,30891,63419,15521,38585,31932
2024-09-22,138149,139584,57883,30891,63673,15342,38523,31674
2024-09-23,139453,140108,57545,31089,63794,15853,39865,31843
2024-09-24,139609,141483,57457,31260,64660,15856,39937,32319
2024-09-25,141441,143774,57297,31536,63032,15309,38393,31628
2024-09-26,142733,147717,60976,31642,65400,15691,39209,32604
2024-09-27,140746,147383,62873,31642,65177,15876,39433,32836
2024-09-28,140746,147383,62873,31642,65273,15767,39024,32292
2024-09-29,140746,147383,62873,31642,65023,15657,38690,32271
2024-09-30,141876,143642,62853,31181,62968,15390,36933,30967
2024-10-01,140573,143642,63089,31168,60500,14480,35684,29220
2024-10-02,141407,143642,63089,31168,60644,14076,35544,29204
2024-10-03,141362,143642,63089,31168,60866,13993,35712,29614
2024-10-04,143588,143642,65872,30733,62579,14482,36667,30223
2024-10-05,143588,143642,65872,30733,62602,14483,37184,29939
2024-10-06,143588,143642,65872,30733,63337,14635,37668,30202
2024-10-07,146919,149970,67504,30746,63381,14663,37620,30503
2024-10-08,147309,149288,67079,30588,62847,14686,38443,30698
2024-10-09,148538,151061,68891,30615,61372,14274,37829,29979
2024-10-10,148553,151061,68891,30615,61169,14394,37395,30221
2024-10-11,149289,153652,70938,30760,63309,14697,38030,30586
2024-10-12,149289,153652,70938,30760,64067,14934,38269,30835
2024-10-13,149289,153652,70938,30760,63721,14886,37962,30060
2024-10-14,150204,153857,72465,30891,66824,15831,39016,34373
2024-10-15,152330,156790,72769,31076,67877,15710,39393,33149
2024-10-16,153061,156804,76059,31062,68496,15745,39856,34175
2024-10-17,152913,156873,76107,31260,68204,15674,39230,34505
2024-10-18,153181,160615,77558,31247,69091,15893,39633,34226
2024-10-19,153181,160615,77558,31247,69034,15925,39541,33907
2024-10-20,153181,160615,77558,31247,69679,16512,40039,34432
2024-10-21,152820,161030,79793,31378,67974,16016,39564,33884
2024-10-22,152758,160199,81311,31392,67987,15749,39215,33278
2024-10-23,151190,159229,81311,31365,66972,15080,38451,32298
2024-10-24,151484,158259,84188,31207,68693,15211,39210,34180
2024-10-25,154490,159367,85017,31260,67120,14600,37872,32362
2024-10-26,154490,159367,85017,31260,67495,14876,38436,32336
2024-10-27,154490,159367,85017,31260,68416,15035,38826,32743
2024-10-28,155359,161666,86177,31207,70585,15427,39709,34045
2024-10-29,155364,158710,86433,30694,92773,33069,59272,54144
2024-10-30,154844,157936,86632,30628,92256,33305,58280,51941
2024-10-31,151145,157936,86632,30628,89162,31406,56111,50094
2024-11-01,151789,157162,89423,30575,88224,31384,55787,48885
2024-11-02,151789,157162,89423,30575,87979,31102,55327,49413
2024-11-03,151789,157162,89423,30575,87283,30658,54315,47583
2024-11-04,151744,159273,88515,30457,86265,29975,53873,46103
2024-11-05,156720,159695,89306,30378,88204,30282,54981,48087
2024-11-06,160171,163529,88310,30470,95919,33963,57587,52859
2024-11-07,164017,164959,88164,30681,97806,36695,59151,53595
2024-11-08,163210,166460,88750,30720,97715,37204,58554,53060
2024-11-09,163210,166460,88750,30720,98012,39324,61141,57126
2024-11-10,163210,166460,88750,30720,102730,40062,61526,62157
2024-11-11,164368,166460,89628,30720,113943,42618,65221,66959
2024-11-12,164586,162529,90594,30523,113475,41188,62052,61705
2024-11-13,164874,161457,89130,30496,117010,40570,61534,62488
2024-11-14,163791,160170,90903,30378,112680,38834,61588,58963
2024-11-15,165532,160527,91234,30733,118077,39590,61554,61855
2024-11-16,165532,160527,91234,30733,117419,39970,61903,65975
2024-11-17,165532,160527,91234,30733,116495,39234,61508,61690
2024-11-18,165833,162178,91114,30562,117126,40792,61468,64390
2024-11-19,166337,163720,91204,30852,119384,39583,61089,63650
2024-11-20,165799,163353,91234,30918,121525,38952,59894,62465
2024-11-21,167388,161443,91656,30852,127464,42823,61823,69265
2024-11-22,168125,164014,91626,31010,128235,42493,62949,69939
2024-11-23,168125,164014,91626,31010,126654,43319,64706,72744
2024-11-24,168125,164014,91626,31010,126961,42899,65612,73423
2024-11-25,172220,163720,92108,30878,120833,43673,63383,70271
2024-11-26,171928,164520,93072,30865,118517,42210,60644,69888
2024-11-27,171767,162499,93222,30404,123920,46513,63887,73906
2024-11-28,171819,162125,93885,30272,123557,45542,64839,72823
2024-11-29,173147,162050,94216,30365,126203,45801,65043,73915
2024-11-30,173147,162050,94216,30365,124892,47292,64995,74904
2024-12-01,173147,162050,94216,30365,125967,47321,65155,75954
2024-12-02,173340,166392,94909,30839,123925,46394,64217,76594
2024-12-03,174196,168338,95331,31049,124685,46347,73495,83524
2024-12-04,174608,169685,94126,31207,127776,48887,73362,83227
2024-12-05,173507,170433,95120,31313,124381,48207,70559,83673
2024-12-06,173905,169910,95421,31326,128704,50675,72327,87869
2024-12-07,173905,169910,95421,31326,128708,50744,74132,86317
2024-12-08,173905,169910,95421,31326,130398,50810,73443,88420
2024-12-09,173348,170059,95722,31536,125753,47209,68307,78706
2024-12-10,172764,169311,94849,31484,124709,46154,66990,73399
2024-12-11,174895,167514,94337,31273,131128,48968,70769,78118
2024-12-12,173790,169386,93252,31352,129512,49555,70104,76958
2024-12-13,173672,169835,92620,31220,131265,49883,72077,77248
2024-12-14,173672,169835,92620,31220,131153,49355,71029,76111
2024-12-15,173672,169835,92620,31220,134939,50389,71370,77914
2024-12-16,180344,176199,97416,31062,137315,50922,71560,76717
2024-12-17,179138,176896,97255,31457,137114,49503,71020,75365
2024-12-18,173946,177206,97513,31615,129286,46151,68167,68406
2024-12-19,175213,175192,98862,31563,126955,43904,66585,63108
2024-12-20,176936,173333,100623,31495,127113,44554,67636,64278
2024-12-21,176936,173333,100623,31495,126422,42826,66159,65305
2024-12-22,176936,173333,100623,31495,123665,42110,64706,63733
2024-12-23,178126,177051,103258,31631,123068,43786,69094,65885
2024-12-24,179914,177438,105069,31794,128223,44816,69450,67296
2024-12-25,179947,177980,105425,31834,129056,44845,70020,66602
2024-12-26,180462,178135,104819,31943,124861,42882,68825,62741
2024-12-27,178666,178600,105282,31861,122786,42821,69061,63223
2024-12-28,178666,178600,105282,31861,124089,43751,72114,64769
2024-12-29,178666,178600,105282,31861,121959,43117,69393,62969
2024-12-30,177147,178058,107072,31780,121123,43339,70620,63833
2024-12-31,176172,176741,108640,31739,121971,42964,70199,62369
2025-01-01,176172,176741,108640,31739,126357,43248,74201,66282
2025-01-02,175951,174727,110210,31631,129821,44595,74206,68138
2025-01-03,178596,175812,111031,31685,131732,46654,75201,70013
2025-01-04,178596,175812,111031,31685,131905,47350,75222,70887
2025-01-05,178596,175812,111031,31685,132011,47031,74739,69693
2025-01-06,179869,181233,112501,31902,137241,47820,76961,71528
2025-01-07,176891,183169,114237,31970,129611,43612,73187,64481
2025-01-08,177069,180923,116168,31984,127054,42870,73001,63988
2025-01-09,178128,178910,116648,31413,124372,41742,72307,62494
2025-01-10,174942,178367,118745,31373,127009,42287,73006,66514
2025-01-11,174942,178367,118745,31373,126828,42455,73325,65173
2025-01-12,174942,178367,118745,31373,126723,42261,72945,66200
2025-01-13,176583,174727,121808,30830,127785,40929,73027,63791
2025-01-14,176585,175424,122313,31061,130348,42046,74032,65198
2025-01-15,179259,174650,121892,30938,135290,44801,75431,68401
2025-01-16,191249,184484,123321,31061,133646,42768,74470,68204
2025-01-17,193360,185287,123531,31115,140150,44989,75994,72418
2025-01-18,193360,185287,123531,31115,140078,42767,74696,68930
2025-01-19,193360,185287,123531,31115,135626,41461,71830,63037
2025-01-20,193755,187296,123069,31278,137148,42514,71934,63898
2025-01-21,191989,187537,124287,31481,140125,42379,71673,64937
2025-01-22,194681,190269,124035,31468,137968,41618,72598,63785
2025-01-23,195742,190269,124035,31468,138364,42844,72092,64174
2025-01-24,195508,190269,124035,31468,139762,42576,71178,63448
2025-01-25,195508,190269,124035,31468,139622,42669,71812,65440
2025-01-26,195508,190269,124035,31468,136913,41638,69771,62547
2025-01-27,193335,190269,124035,31468,136507,41057,71337,62929
2025-01-28,195986,190269,124035,31468,136213,39972,69776,60833
2025-01-29,194881,190269,124035,31468,139226,40367,70348,61399
2025-01-30,194993,190269,124035,31468,139961,41929,71058,64053
2025-01-31,195288,190269,124035,31468,137790,42852,71529,62918
2025-02-01,195288,190269,124035,31468,135436,40534,69000,59974
2025-02-02,195288,190269,124035,31468,131444,37286,65217,53357
2025-02-03,193356,181832,126934,31196,119342,37345,64947,52207
2025-02-04,195583,182475,125674,30952,115742,35584,60631,49114
2025-02-05,195817,185528,125968,31318,113925,36185,60078,48574
2025-02-06,196105,186251,127691,31481,113658,34817,60216,46696
2025-02-07,194047,187296,127481,31427,113493,33971,60778,47025
2025-02-08,194047,187296,127481,31427,113438,34081,64485,47770
2025-02-09,194047,187296,127481,31427,113459,34049,64834,47975
2025-02-10,195625,185528,126892,31359,114672,34511,65073,48633
2025-02-11,196024,186332,126472,31413,112812,33798,67705,49039
2025-02-12,195007,186251,125632,31413,115114,35475,73408,50667
2025-02-13,197382,185367,124245,27228,113811,34723,70391,49609
2025-02-14,195944,183198,125842,27135,114013,35122,68806,50168
2025-02-15,195944,183198,125842,27135,114097,34723,69253,48873
2025-02-16,195944,183198,125842,27135,112453,34324,70484,47942
2025-02-17,196246,185769,125842,27438,112156,35409,69873,47600
2025-02-18,197061,186653,125842,22884,112023,34468,67887,46511
2025-02-19,197626,185608,125170,22991,113359,35125,68554,47527
2025-02-20,196945,185608,125464,22942,115439,35463,68993,48067
2025-02-21,193281,186653,125884,23078,112664,34367,67802,46170
2025-02-22,193281,186653,125884,23078,113194,35717,70074,47251
2025-02-23,193281,186653,125884,23078,112838,36453,68955,48265
2025-02-24,192836,185126,126682,23292,107408,32547,64507,43031
2025-02-25,191448,182716,127817,23369,104024,32256,65304,42934
2025-02-26,192028,183118,129119,23408,99116,30193,64174,43298
2025-02-27,188783,181832,130296,23262,99451,29859,63534,43749
2025-02-28,192603,181832,130296,23262,99520,29067,61964,46792
2025-03-01,192603,181832,130296,23262,101477,28822,64080,46105
2025-03-02,192603,181832,130296,23262,111168,32774,65707,49475
2025-03-03,189304,177493,130884,23068,101527,27887,60674,47477
2025-03-04,186931,176288,132061,23243,102841,28225,61532,47409
2025-03-05,188487,178538,129834,23301,106546,29078,62869,57914
2025-03-06,185104,177252,128741,23301,105788,28584,62749,58401
2025-03-07,186424,175645,130002,23262,102179,27805,62567,57489
2025-03-08,186424,175645,130002,23262,101486,28618,62474,57018
2025-03-09,186424,175645,130002,23262,94944,26191,58419,52850
2025-03-10,181325,174761,129498,23243,92420,24250,56000,49019
2025-03-11,180054,171306,131094,23030,97634,24960,58107,50239
2025-03-12,180939,172029,129624,23107,98654,24830,60052,52383
2025-03-13,178780,170904,129203,22991,95634,24261,61104,48320
2025-03-14,182795,170181,129582,22894,99245,24921,62056,49039
2025-03-15,182795,170181,129582,22894,99687,25288,65475,50889
2025-03-16,182795,170181,129582,22894,97602,24642,63650,49424
2025-03-17,183953,171869,129498,23020,99243,25140,66645,50074
2025-03-18,182181,172511,130262,23090,97731,25227,66365,49732
2025-03-19,184222,170422,129922,23040,102688,26900,65472,51322
2025-03-20,183932,174038,131027,23210,99584,25928,66651,49571
2025-03-21,183889,172833,130773,23130,99389,25687,67112,47918
2025-03-22,183889,172833,130773,23130,99140,25889,66262,47834
2025-03-23,183889,172833,130773,23130,101767,26234,65921,48312
2025-03-24,187046,172190,129880,23130,103437,27143,67302,49321
2025-03-25,187698,174601,129073,23150,103519,27052,66667,49891
2025-03-26,185699,174199,128775,23150,102949,26328,65451,49780
2025-03-27,185431,170744,128350,23000,103411,26264,67593,48375
2025-03-28,181853,168976,128648,22820,100131,24853,65758,45838
2025-03-29,181853,168976,128648,22820,98047,24001,64034,45189
2025-03-30,181853,168976,128648,22820,97735,23721,63885,44554
2025-03-31,183371,163110,131027,22250,98209,23988,64374,45321
2025-04-01,184341,166726,131835,22640,101489,25105,65140,46167
2025-04-02,185254,166646,131878,22590,98186,23649,62871,43937
2025-04-03,176732,166646,131878,22590,99097,23940,63142,45003
2025-04-04,165331,166646,131878,22590,99285,23775,63280,44804
2025-04-05,165331,166646,131878,22590,98883,23662,62807,45187
2025-04-06,165331,166646,131878,22590,92619,20667,58728,40439
2025-04-07,165289,150013,134087,20340,94201,20448,58950,41129
2025-04-08,161962,148964,129497,19670,90179,19270,58518,39940
2025-04-09,177523,142336,126598,18440,97928,21882,61762,44861
2025-04-10,168909,156504,130287,20280,93026,19692,60324,42590
2025-04-11,172929,160398,128249,20930,98033,20386,61603,46181
2025-04-12,172929,160398,128249,20930,100246,21374,62763,50918
2025-04-13,172929,160398,128249,20930,98362,20764,61388,50541
2025-04-14,172406,158989,128116,21060,98084,20842,60624,47142
2025-04-15,171895,160729,129755,21310,97055,20415,60132,46495
2025-04-16,168882,157581,129489,21080,97922,20370,60731,47109
2025-04-17,168464,156504,130375,20830,98545,20347,61260,48580
2025-04-18,168464,156669,129489,20850,98029,20421,61427,48889
2025-04-19,168464,156669,129489,20850,98740,20723,61428,48887
2025-04-20,168464,156669,129489,20850,98869,20392,61552,48975
2025-04-21,164450,154432,127761,20530,101590,20312,62013,50268
2025-04-22,168922,151864,126742,20290,108673,22651,64358,52990
2025-04-23,172339,158492,129533,20850,109418,23240,63263,52537
2025-04-24,175740,157581,129666,20680,109567,22862,62757,52215
2025-04-25,176506,161558,130419,20940,110143,23007,62410,54522
2025-04-26,176506,161558,130419,20940,110057,23458,63192,51985
2025-04-27,176506,161558,130419,20940,109020,23092,62767,50528
2025-04-28,177068,162552,131438,21010,110727,23259,63215,53328
2025-04-29,177631,163546,131172,21130,109603,23186,62479,53090
2025-04-30,177147,163877,130995,21060,109161,23042,62139,53297
2025-05-01,176803,163877,130995,21060,110807,23405,61606,52083
2025-05-02,179783,172074,126609,21330,111563,23516,61887,55357
2025-05-03,179783,172074,126609,21330,111563,23516,61887,55357
